<?xml version="1.0" encoding="UTF-8"?>
<!-- $Id$ -->
<!DOCTYPE install>
<install type="language" version="1.5" client="site" method="upgrade">
	<name>Kunena Forum - Chinese</name>
	<tag>zh-CN</tag>
	<creationDate>2011-11-16</creationDate>
	<version>1.7.1</version>
	<build>5162</build>
	<author>baijianpeng</author>
	<authorEmail>unknown</authorEmail>
	<authorUrl>http://www.joomlagate.com</authorUrl>
	<copyright>(C) 2010 unknown</copyright>
	<license>GNU/GPL</license>
	<description>Chinese language file for Kunena Forum Component</description>

	<files>
		<filename>zh-CN.com_kunena.ini</filename>
		<filename>zh-CN.com_kunena.tpl_default.ini</filename>
		<filename>zh-CN.com_kunena.tpl_example.ini</filename>
	</files>
</install>