<?xml version="1.0" encoding="utf-8"?>
<!-- $Id$ -->
<!DOCTYPE install>
<install type="language" version="1.5.0" client="site" method="upgrade">
	<name>Kunena Forum (Greek)</name>
	<tag>el-GR</tag>
	<creationDate>2011-11-16</creationDate>
	<version>1.7.1</version>
	<build>5162</build>
	<author>Chrysovalantis Mochlas - Val Web Design</author>
	<authorEmail>valandis@valandis.de</authorEmail>
	<authorUrl>http://www.valandis.de</authorUrl>
	<copyright>Copyright (C) 2011 Chrysovalantis Mochlas - Val Web Design</copyright>
	<description>
		<![CDATA[<div align="center">
			<table border="0" width="90%">
			<tr>
			<td width="35%"><u><b>Αρχεία της Ελληνικής γλώσσας για την εφαρμογή του Joomla:</b></u></td>
			<td width="65%">Kunena 1.6.4 (el-GR.com_kunena-1.6.zip)</td>
			</tr>
			<tr>
			<td width="35%"><u><b>Έκδοση / Ημερομηνία μετάφρασης:</b></u></td>
			<td width="65%">1.6 / 13 Μαΐου 2011</td>
			</tr>
			<tr>
			<td width="35%"><u><b>Συγγραφέας:</b></u></td>
			<td width="65%">Χρυσοβαλάντης Μόχλας - <a href="http://www.valandis.de" title="Val Web Design" target="_blank">Val Web Design</a>.</td>
			</tr>
			<tr>
			<td width="35%"><u><b>Ιστοσελίδα:</b></u></td>
			<td width="65%"><a href="http://www.valandis.de" title="Val Web Design" target="_blank">http://www.valandis.de/</a></td>
			</tr>
			<tr>
			<td colspan="2"><p><b><font style="color:#008000;">Παρακαλώ να ελέγχετε τακτικά την Ιστοσελίδα μου. Εκεί μπορείτε να διαπιστώνετε αν υπάρχουν μεταβολές ή νέες εκδόσεις της παρούσας μετάφρασης διαθέσιμες.</font></b></td>
			</tr>
			</table>
			</div>]]>
	</description>

	<files>
		<filename>el-GR.com_kunena.ini</filename>
		<filename>el-GR.com_kunena.tpl_default.ini</filename>
		<filename>el-GR.com_kunena.tpl_example.ini</filename>
	</files>
</install>
