<?xml version="1.0" encoding="UTF-8"?>
<!-- $Id$ -->
<!DOCTYPE install>
<install type="language" version="1.5" client="administrator" method="upgrade">
	<name>Kunena Forum - Italian</name>
	<tag>it-IT</tag>
	<creationDate>2011-11-16</creationDate>
	<version>1.7.1</version>
	<build>5162</build>
	<author>detlef, ohifra, onishima</author>
	<authorEmail>francescodegiorgio81@gmail.com</authorEmail>
	<authorUrl>http://www.iibunicz.com/</authorUrl>
	<copyright>(C) 2010 unknown</copyright>
	<license>GNU/GPL</license>
	<description>Italian language file for Kunena Forum Component</description>

	<files>
		<filename>it-IT.com_kunena.ini</filename>
		<filename>it-IT.com_kunena.install.ini</filename>
		<filename>it-IT.com_kunena.menu.ini</filename>
	</files>
</install>