<?xml version="1.0" encoding="UTF-8"?>
<!-- $Id$ -->
<!DOCTYPE install>
<install type="language" version="1.5" client="site" method="upgrade">
	<name>Kunena Forum - Chinese</name>
	<tag>zh-TW</tag>
	<creationDate>2010-12-29</creationDate>
	<version>1.6.2</version>
	<build>5162</build>
	<author>gewed</author>
	<authorEmail>unknown</authorEmail>
	<authorUrl>http://gewed.com</authorUrl>
	<copyright>(C) 2010 unknown</copyright>
	<license>GNU/GPL</license>
	<description>Chinese language file for Kunena Forum Component</description>

	<files>
		<filename>zh-TW.com_kunena.ini</filename>
		<filename>zh-TW.com_kunena.tpl_default.ini</filename>
		<filename>zh-TW.com_kunena.tpl_example.ini</filename>
	</files>
</install>