<?xml version="1.0" encoding="UTF-8"?>
<root xmlns:xsl="http://www.w3.org/1999/XSL/Transform" xmlns="http://www.w3.org/1999/xhtml">
  <rooms>
    <room id="1">
      <name>"Output 1s"</name>
      <channel>1</channel>
      <vchan>1</vchan>
      <volume>38</volume>
      <offset>36</offset>
      <max>12</max>
      <bass>17</bass>
      <mid>17</mid>
      <treble>18</treble>
      <stereo>true</stereo>
      <chan_list>
        <chan id="1">
          <channel>1</channel>
          <name>Aux-1</name>
        </chan>
        <chan id="2">
          <channel>9</channel>
          <name>89.60</name>
          <freq>8960</freq>
        </chan>
        <chan id="3">
          <channel>5</channel>
          <name>Aux-3</name>
        </chan>
        <chan id="4">
          <channel>9</channel>
          <name>90.20</name>
          <freq>9020</freq>
        </chan>
        <chan id="5">
          <channel>9</channel>
          <name>88.20</name>
          <freq>8820</freq>
        </chan>
        <chan id="6">
          <channel>9</channel>
          <name>102.70</name>
          <freq>10270</freq>
        </chan>
        <chan id="7">
          <channel>9</channel>
          <name>89.80</name>
          <freq>8980</freq>
        </chan>
        <chan id="8">
          <channel>9</channel>
          <name>87.60</name>
          <freq>8760</freq>
        </chan>
      </chan_list>
      <ampli>1</ampli>
      <muted>1</muted>
    </room>
    <room id="3">
      <name>"Output 2"</name>
      <channel>1</channel>
      <vchan>1</vchan>
      <volume>10</volume>
      <offset>35</offset>
      <max>36</max>
      <bass>17</bass>
      <mid>7</mid>
      <treble>14</treble>
      <stereo>true</stereo>
      <chan_list>
        <chan id="1">
          <channel>1</channel>
          <name>Aux-1</name>
        </chan>
        <chan id="2">
          <channel>5</channel>
          <name>Aux-3</name>
        </chan>
        <chan id="3">
          <channel>7</channel>
          <name>Aux-4</name>
        </chan>
      </chan_list>
      <ampli>1</ampli>
      <muted>0</muted>
    </room>
    <room id="5">
      <name>"Output 3"</name>
      <channel>1</channel>
      <vchan>1</vchan>
      <volume>10</volume>
      <offset>35</offset>
      <max>36</max>
      <bass>18</bass>
      <mid>10</mid>
      <treble>14</treble>
      <stereo>true</stereo>
      <chan_list>
        <chan id="1">
          <channel>1</channel>
          <name>Aux-1</name>
        </chan>
        <chan id="2">
          <channel>5</channel>
          <name>Aux-3</name>
        </chan>
        <chan id="3">
          <channel>7</channel>
          <name>Aux-4</name>
        </chan>
      </chan_list>
      <ampli>1</ampli>
      <muted>0</muted>
    </room>
    <room id="7">
      <name>"Output 4"</name>
      <channel>15</channel>
      <vchan>3</vchan>
      <volume>0</volume>
      <offset>23</offset>
      <max>0</max>
      <bass>2</bass>
      <mid>17</mid>
      <treble>22</treble>
      <stereo>true</stereo>
      <chan_list>
        <chan id="1">
          <channel>1</channel>
          <name>Aux-1</name>
        </chan>
        <chan id="2">
          <channel>7</channel>
          <name>Aux-4</name>
        </chan>
        <chan id="3">
          <channel>15</channel>
          <name>Tuner-4</name>
        </chan>
      </chan_list>
      <ampli>1</ampli>
      <muted>1</muted>
    </room>
  </rooms>
  <inputs>
    <input id="1">
      <name>"Aux-1"</name>
      <gain>17</gain>
      <type>"AUX"</type>
      <owner>-1</owner>
      <stereo>true</stereo>
    </input>
    <input id="3">
      <name>"Aux-2"</name>
      <gain>32</gain>
      <type>"AUX"</type>
      <owner>-2</owner>
      <stereo>true</stereo>
    </input>
    <input id="5">
      <name>"Aux-3"</name>
      <gain>32</gain>
      <type>"AUX"</type>
      <owner>-1</owner>
      <stereo>true</stereo>
    </input>
    <input id="7">
      <name>"Aux-4"</name>
      <gain>23</gain>
      <type>"AUX"</type>
      <owner>-1</owner>
      <stereo>true</stereo>
    </input>
    <input id="9">
      <name>"Tuner-1"</name>
      <gain>32</gain>
      <type>"TUNER"</type>
      <owner>0</owner>
    </input>
    <input id="11">
      <name>"Tuner-2"</name>
      <gain>19</gain>
      <type>"TUNER"</type>
      <owner>6</owner>
    </input>
    <input id="13">
      <name>"Tuner-3"</name>
      <gain>32</gain>
      <type>"TUNER"</type>
      <owner>4</owner>
    </input>
    <input id="15">
      <name>"Tuner-4"</name>
      <gain>32</gain>
      <type>"TUNER"</type>
      <owner>-1</owner>
    </input>
    <input id="17">
      <name>"Streaming"</name>
      <gain>32</gain>
      <type>"MP3"</type>
      <owner>-2</owner>
    </input>
  </inputs>
  <presets>
    <preset id="1">
      <freq>9680</freq>
      <rssi>27</rssi>
      <name>96.80</name>
    </preset>
    <preset id="2">
      <freq>10270</freq>
      <rssi>26</rssi>
      <name>102.70</name>
    </preset>
    <preset id="3">
      <freq>9020</freq>
      <rssi>28</rssi>
      <name>90.20</name>
    </preset>
    <preset id="4">
      <freq>9060</freq>
      <rssi>32</rssi>
      <name>90.60</name>
    </preset>
    <preset id="5">
      <freq>9030</freq>
      <rssi>33</rssi>
      <name>90.30</name>
    </preset>
    <preset id="6">
      <freq>8760</freq>
      <rssi>31</rssi>
      <name>87.60</name>
    </preset>
    <preset id="7">
      <freq>8780</freq>
      <rssi>32</rssi>
      <name>87.80</name>
    </preset>
    <preset id="8">
      <freq>8980</freq>
      <rssi>32</rssi>
      <name>89.80</name>
    </preset>
    <preset id="9">
      <freq>9000</freq>
      <rssi>31</rssi>
      <name>90.00</name>
    </preset>
    <preset id="10">
      <freq>9120</freq>
      <rssi>30</rssi>
      <name>91.20</name>
    </preset>
    <preset id="11">
      <freq>9220</freq>
      <rssi>32</rssi>
      <name>92.20</name>
    </preset>
    <preset id="12">
      <freq>8820</freq>
      <rssi>32</rssi>
      <name>88.20</name>
    </preset>
    <preset id="13">
      <freq>9040</freq>
      <rssi>31</rssi>
      <name>90.40</name>
    </preset>
    <preset id="14">
      <freq>9080</freq>
      <rssi>31</rssi>
      <name>90.80</name>
    </preset>
    <preset id="15">
      <freq>9140</freq>
      <rssi>31</rssi>
      <name>91.40</name>
    </preset>
    <preset id="16">
      <freq>9180</freq>
      <rssi>30</rssi>
      <name>91.80</name>
    </preset>
    <preset id="17">
      <freq>8900</freq>
      <rssi>30</rssi>
      <name>89.00</name>
    </preset>
    <preset id="18">
      <freq>9230</freq>
      <rssi>30</rssi>
      <name>92.30</name>
    </preset>
    <preset id="19">
      <freq>9170</freq>
      <rssi>30</rssi>
      <name>91.70</name>
    </preset>
    <preset id="20">
      <freq>9200</freq>
      <rssi>29</rssi>
      <name>92.00</name>
    </preset>
    <preset id="21">
      <freq>9240</freq>
      <rssi>28</rssi>
      <name>92.40</name>
    </preset>
    <preset id="22">
      <freq>8990</freq>
      <rssi>28</rssi>
      <name>89.90</name>
    </preset>
    <preset id="23">
      <freq>9820</freq>
      <rssi>28</rssi>
      <name>98.20</name>
    </preset>
    <preset id="24">
      <freq>8960</freq>
      <rssi>27</rssi>
      <name>89.60</name>
    </preset>
    <preset id="25">
      <freq>9350</freq>
      <rssi>27</rssi>
      <name>93.50</name>
    </preset>
    <preset id="26">
      <freq>9260</freq>
      <rssi>26</rssi>
      <name>92.60</name>
    </preset>
    <preset id="27">
      <freq>8870</freq>
      <rssi>26</rssi>
      <name>88.70</name>
    </preset>
    <preset id="28">
      <freq>9300</freq>
      <rssi>24</rssi>
      <name>93.00</name>
    </preset>
    <preset id="29">
      <freq>9290</freq>
      <rssi>24</rssi>
      <name>92.90</name>
    </preset>
    <preset id="30">
      <freq>9160</freq>
      <rssi>21</rssi>
      <name>91.60</name>
    </preset>
    <preset id="31">
      <freq>9570</freq>
      <rssi>21</rssi>
      <name>95.70</name>
    </preset>
    <preset id="32">
      <freq>9410</freq>
      <rssi>14</rssi>
      <name>94.10</name>
    </preset>
  </presets>
  <zones>
  </zones>
  <paging>
    <page id="1">
      <channel>3</channel>
    </page>
  </paging>
  <gpio_in>
  </gpio_in>
  <combis>
    <combi id="1">
      <master>3</master>
      <active>false</active>
      <multi>false</multi>
      <outputs>0xCC</outputs>
    </combi>
  </combis>
</root>
