<?xml version="1.0" encoding="UTF-8"?>
<!-- $Id$ -->
<!DOCTYPE install>
<install type="language" version="1.5" client="administrator" method="upgrade">
	<name>Kunena Forum - Chinese</name>
	<tag>zh-TW</tag>
	<creationDate>2011-01-16</creationDate>
	<version>1.6.2</version>
	<build>3894</build>
	<author>gewed</author>
	<authorEmail>windofbeach@hotmail.com</authorEmail>
	<authorUrl>http://gewed.com</authorUrl>
	<copyright>(C) 2010 unknown</copyright>
	<license>GNU/GPL</license>
	<description>Chinese language file for Kunena Forum Component</description>

	<files>
		<filename>zh-TW.com_kunena.ini</filename>
		<filename>zh-TW.com_kunena.install.ini</filename>
		<filename>zh-TW.com_kunena.menu.ini</filename>
        <filename>zh-TW.com_kunena.sys.ini</filename>
        <filename>zh-TW.plg_system_kunena.sys.ini</filename>
	</files>
</install>