<?xml version="1.0" encoding="UTF-8"?>
<!DOCTYPE install>
<install type="language" version="1.5" client="administrator" method="upgrade">
    <name>Kunena Forum - Khmer</name>
    <tag>km-KH</tag>
    <creationDate>2011-11-16</creationDate>
    <version>1.7.1</version>
    <build>5162</build>
    <author>unknown</author>
    <authorEmail>unknown</authorEmail>
    <authorUrl>unknown</authorUrl>
    <copyright>(C) 2011 unknown</copyright>
    <license>GNU/GPL</license>
    <description>Khmer language file for Kunena Forum Component</description>

    <files>
        <filename>km-KH.com_kunena.ini</filename>
        <filename>km-KH.com_kunena.tpl_default.ini</filename>
        <filename>km-KH.com_kunena.tpl_example.ini</filename>
    </files>
</install>