<?xml version="1.0" encoding="UTF-8"?>
<!-- $Id$ -->
<!DOCTYPE install>
<install type="language" version="1.5" client="site" method="upgrade">
	<name>Fórum Kunena - Português do Brasil</name>
	<tag>pt-BR</tag>
	<creationDate>2011-11-16</creationDate>
	<version>1.7.1</version>
	<build>5162</build>
	<author>Knight Rider - www.soquadrinhos.com</author>
	<authorEmail>rgponce@gmail.com</authorEmail>
	<authorUrl>http://www.soquadrinhos.com</authorUrl>
	<copyright>(C) 2008 - 2011 Kunena Team. All rights reserved.</copyright>
	<license>GNU/GPL</license>
	<description>Português do Brasil para o fórum Kunena</description>

	<files>
		<filename>pt-BR.com_kunena.ini</filename>
		<filename>pt-BR.com_kunena.tpl_default.ini</filename>
		<filename>pt-BR.com_kunena.tpl_example.ini</filename>
	</files>
</install>